id,name,model_id:id,group_id:id,perm_read,perm_write,perm_create,perm_unlink
access_delivery_route_user,delivery.route user,model_delivery_route,customer_route_management.group_delivery_route_user,1,0,0,0
access_delivery_route_manager,delivery.route manager,model_delivery_route,customer_route_management.group_delivery_route_manager,1,1,1,1
access_route_line_user,route.line user,model_route_line,customer_route_management.group_delivery_route_user,1,0,0,0
access_route_line_manager,route.line manager,model_route_line,customer_route_management.group_delivery_route_manager,1,1,1,1
access_route_report_user,route_report user,model_route_report,customer_route_management.group_delivery_route_user,1,0,0,0
access_route_report_manager,route_report manager,model_route_report,customer_route_management.group_delivery_route_manager,1,1,1,1
