<?xml version="1.0" encoding="utf-8"?>
<odoo>
    <record model="ir.module.category" id="module_rout_category">
        <field name="name">customer route management</field>
        <field name="description">routs group</field>
        <field name="sequence">20</field>
    </record>
    <record id="group_rout_user" model="res.groups">
        <field name="name"> User</field>
        <field name="category_id" ref="customer_route_management_editing 2.module_rout_category" />

    </record>
     <record id="group_rout_manager" model="res.groups">
        <field name="name"> Manager</field>
        <field name="category_id" ref="customer_route_management_editing 2.module_rout_category" />
    </record>

</odoo>
